{"version": "1", "message": "ERROR: Hidden Testcases server unreachable.", "problem_id": "final_exam_a1_1", "user_id": "ktej95", "score": {"sample": {"0": {"execution_time": 0.3344004154205322, "passed": true}, "1": {"execution_time": 0.3310689926147461, "passed": true}, "2": {"execution_time": 0.3829524517059326, "passed": true}, "3": {"execution_time": 0.3244655132293701, "passed": false}, "4": {"execution_time": 0.3127131462097168, "passed": true}, "5": {"execution_time": 0.2937288284301758, "passed": true}, "6": {"execution_time": 0.3557884693145752, "passed": true}, "7": {"execution_time": 0.37972068786621094, "passed": true}, "8": {"execution_time": 0.3780019283294678, "passed": true}, "9": {"execution_time": 0.3357391357421875, "passed": true}, "10": {"execution_time": 0.356731653213501, "passed": true}, "11": {"execution_time": 0.27844905853271484, "passed": true}, "12": {"execution_time": 0.2353818416595459, "passed": true}, "13": {"execution_time": 0.3345215320587158, "passed": true}}}, "check_style_score": "0/1"}