{"version": "1", "message": "ERROR: Hidden Testcases server unreachable.", "problem_id": "m20_a1", "user_id": "ktej95", "score": {"sample": {"0": {"execution_time": 0.30160093307495117, "passed": true}, "1": {"execution_time": 0.29135680198669434, "passed": true}, "2": {"execution_time": 0.25232553482055664, "passed": true}, "3": {"execution_time": 0.2424466609954834, "passed": true}, "4": {"execution_time": 0.2610485553741455, "passed": true}, "5": {"execution_time": 0.16655397415161133, "passed": true}, "6": {"execution_time": 0.16755342483520508, "passed": true}, "7": {"execution_time": 0.16556525230407715, "passed": true}, "8": {"execution_time": 0.1670820713043213, "passed": true}, "9": {"execution_time": 0.22539734840393066, "passed": true}, "10": {"execution_time": 0.16796016693115234, "passed": true}, "11": {"execution_time": 0.2167527675628662, "passed": true}, "12": {"execution_time": 0.16263747215270996, "passed": true}}}, "check_style_score": "1/1"}