{"version": "1", "message": "ERROR: Hidden Testcases server unreachable.", "problem_id": "m20_a1", "user_id": "ktej95", "score": {"sample": {"0": {"execution_time": 0.22148561477661133, "passed": true}, "1": {"execution_time": 0.21875667572021484, "passed": true}, "2": {"execution_time": 0.2129802703857422, "passed": true}, "3": {"execution_time": 0.21951055526733398, "passed": true}, "4": {"execution_time": 0.22816228866577148, "passed": true}, "5": {"execution_time": 0.19171452522277832, "passed": true}, "6": {"execution_time": 0.18251800537109375, "passed": true}, "7": {"execution_time": 0.1634061336517334, "passed": true}, "8": {"execution_time": 0.1558074951171875, "passed": true}, "9": {"execution_time": 0.21472501754760742, "passed": true}, "10": {"execution_time": 0.15165281295776367, "passed": true}, "11": {"execution_time": 0.15822696685791016, "passed": true}, "12": {"execution_time": 0.16289472579956055, "passed": true}}}, "check_style_score": "0/1"}